{
  "Workflows": [
    {
      "Path": null,
      "SortBy": 0,
      "VariablesSectionElementsOrder": [],
      "ArgumentsSectionElementsOrder": null,
      "ConstantsSectionElementsOrder": [],
      "AddedNamespaces": null
    },
    {
      "Path": "Main.xaml",
      "SortBy": 0,
      "VariablesSectionElementsOrder": [
        "craquesPorClube&Sequence_1",
        "forEachIndex&Sequence_1",
        "totalJogadores&Sequence_1",
        "maxDuracao&Sequence_1",
        "totalDuracao&Sequence_1",
        "cellFound&Sequence_1",
        "clubes&Sequence_1",
        "anos&Sequence_1",
        "jogadoresAgrupados&Sequence_1",
        "jogadoresDataTable&Sequence_1",
        "rowIndex&Sequence_1",
        "duracaoClubes&Sequence_1",
        "jogadorMaisTempo&Sequence_1",
        "duracaoMedia&Sequence_1",
        "clubesMaisCraques&Sequence_1",
        "Resultados&Sequence_2"
      ],
      "ArgumentsSectionElementsOrder": [],
      "ConstantsSectionElementsOrder": [],
      "AddedNamespaces": null
    }
  ]
}