{
  "Workflows": [
    {
      "Path": null,
      "SortBy": 0,
      "VariablesSectionElementsOrder": [],
      "ArgumentsSectionElementsOrder": null,
      "ConstantsSectionElementsOrder": [],
      "AddedNamespaces": null
    },
    {
      "Path": "Main.xaml",
      "SortBy": 0,
      "VariablesSectionElementsOrder": [
        "clubes&Sequence_1",
        "anos&Sequence_1",
        "cellFound&Sequence_55",
        "resultados&Sequence_1",
        "clubesMaisCraques&Sequence_1",
        "duracaoMedia&Sequence_1",
        "jogadorMaisTempo&Sequence_1",
        "Resultados&Sequence_2",
        "anos&Sequence_11",
        "clubes&Sequence_11",
        "duracaoClubes&Sequence_1",
        "rowIndex&Sequence_1",
        "jogadoresDataTable&Sequence_1",
        "jogadoresAgrupados&Sequence_1"
      ],
      "ArgumentsSectionElementsOrder": [],
      "ConstantsSectionElementsOrder": [],
      "AddedNamespaces": null
    },
    {
      "Path": "Main(Autosaved).xaml",
      "SortBy": 0,
      "VariablesSectionElementsOrder": [
        "jogadoresAgrupados&Sequence_1",
        "jogadoresDataTable&Sequence_1",
        "rowIndex&Sequence_1",
        "duracaoClubes&Sequence_1",
        "jogadorMaisTempo&Sequence_1",
        "duracaoMedia&Sequence_1",
        "clubes&Sequence_1",
        "anos&Sequence_1",
        "clubesMaisCraques&Sequence_1",
        "resultados&Sequence_1",
        "Resultados&Sequence_2",
        "cellFound&Sequence_55",
        "clubes&Sequence_11",
        "anos&Sequence_11"
      ],
      "ArgumentsSectionElementsOrder": [],
      "ConstantsSectionElementsOrder": [],
      "AddedNamespaces": null
    }
  ]
}